DATE,SERIES,OPEN,HIGH,LOW,PREV. CLOSE,LTP,CLOSE,VWAP,52W H,52W L,VOLUME,VALUE,NO. OF  TRADES
31-Dec-2025,EQ,"1,541.00","1,577.00","1,541.00","1,539.80","1,569.00","1,570.40","1,566.86","1,581.30","1,114.85",5771830,"9,04,36,50,348.50",141792
30-Dec-2025,EQ,"1,547.00","1,553.60","1,537.80","1,545.60","1,541.00","1,539.80","1,543.21","1,581.30","1,114.85",8815884,"13,60,47,45,435.00",199428
29-Dec-2025,EQ,"1,554.90","1,558.10","1,543.60","1,559.20","1,546.70","1,545.60","1,547.80","1,581.30","1,114.85",5972105,"9,24,36,16,142.30",158162
26-Dec-2025,EQ,"1,554.70","1,561.00","1,554.30","1,558.20","1,560.00","1,559.20","1,558.05","1,581.30","1,114.85",2311495,"3,60,14,35,338.70",81976
24-Dec-2025,EQ,"1,572.70","1,575.70","1,553.60","1,570.70","1,560.60","1,558.20","1,559.55","1,581.30","1,114.85",8815745,"13,74,86,00,530.90",243970
23-Dec-2025,EQ,"1,580.90","1,580.90","1,568.10","1,575.40","1,569.00","1,570.70","1,573.01","1,581.30","1,114.85",7506564,"11,80,79,16,323.50",179265
22-Dec-2025,EQ,"1,573.50","1,577.50","1,565.30","1,565.10","1,577.00","1,575.40","1,571.96","1,581.30","1,114.85",10184852,"16,01,02,06,159.50",371017
19-Dec-2025,EQ,"1,554.40","1,574.20","1,551.00","1,544.40","1,564.90","1,565.10","1,566.60","1,581.30","1,114.85",13937275,"21,83,41,30,206.80",279233
18-Dec-2025,EQ,"1,535.20","1,551.50","1,535.20","1,544.40","1,543.50","1,544.40","1,545.30","1,581.30","1,114.85",6580829,"10,16,93,53,778.00",175814
17-Dec-2025,EQ,"1,550.00","1,550.00","1,539.30","1,542.30","1,545.10","1,544.40","1,544.14","1,581.30","1,114.85",7116649,"10,98,91,03,491.90",176852
16-Dec-2025,EQ,"1,545.00","1,551.70","1,538.80","1,556.20","1,540.70","1,542.30","1,544.30","1,581.30","1,114.85",11731856,"18,11,75,38,818.10",246980
15-Dec-2025,EQ,"1,551.20","1,558.60","1,546.50","1,556.50","1,557.00","1,556.20","1,553.69","1,581.30","1,114.85",5774543,"8,97,18,36,560.70",185872
12-Dec-2025,EQ,"1,550.80","1,559.80","1,546.10","1,545.00","1,554.30","1,556.50","1,555.21","1,581.30","1,114.85",5106655,"7,94,19,40,758.50",139702
11-Dec-2025,EQ,"1,536.90","1,550.00","1,524.00","1,536.90","1,543.00","1,545.00","1,540.61","1,581.30","1,114.85",4706197,"7,25,04,28,118.40",168155
10-Dec-2025,EQ,"1,534.00","1,547.50","1,531.40","1,529.40","1,533.50","1,536.90","1,539.72","1,581.30","1,114.85",7991629,"12,30,48,93,787.50",202989
09-Dec-2025,EQ,"1,540.30","1,542.50","1,520.10","1,543.00","1,532.40","1,529.40","1,530.00","1,581.30","1,114.85",11503971,"17,60,10,83,501.20",205129
08-Dec-2025,EQ,"1,539.20","1,551.00","1,535.00","1,540.60","1,539.90","1,543.00","1,540.71","1,581.30","1,114.85",11301491,"17,41,23,09,977.70",182756
05-Dec-2025,EQ,"1,530.40","1,545.80","1,520.60","1,535.60","1,544.60","1,540.60","1,534.80","1,581.30","1,114.85",10183266,"15,62,92,90,582.50",181528
04-Dec-2025,EQ,"1,536.00","1,560.50","1,517.60","1,538.80","1,525.30","1,535.60","1,543.73","1,581.30","1,114.85",11867930,"18,32,08,33,054.60",203260
03-Dec-2025,EQ,"1,545.20","1,552.40","1,533.00","1,546.30","1,539.10","1,538.80","1,539.45","1,581.30","1,114.85",6090883,"9,37,65,93,978.90",156721
02-Dec-2025,EQ,"1,561.10","1,567.50","1,542.00","1,566.10","1,548.30","1,546.30","1,550.62","1,581.30","1,114.85",11389150,"17,66,02,97,036.30",323713
01-Dec-2025,EQ,"1,575.00","1,577.50","1,563.60","1,567.50","1,566.50","1,566.10","1,571.31","1,581.30","1,114.85",8920233,"14,01,64,86,649.50",292601
28-Nov-2025,EQ,"1,568.00","1,581.30","1,563.00","1,563.40","1,569.00","1,567.50","1,571.94","1,581.30","1,114.85",8959508,"14,08,38,38,960.40",229373
27-Nov-2025,EQ,"1,575.00","1,575.50","1,556.00","1,569.90","1,564.80","1,563.40","1,563.68","1,575.50","1,114.85",9794643,"15,31,57,04,900.90",278929
26-Nov-2025,EQ,"1,542.30","1,571.60","1,540.50","1,539.70","1,569.60","1,569.90","1,562.98","1,571.60","1,114.85",14054299,"21,96,65,88,733.90",285274
25-Nov-2025,EQ,"1,535.90","1,559.60","1,525.10","1,535.90","1,540.00","1,539.70","1,546.34","1,559.60","1,114.85",15033482,"23,24,69,09,829.70",299805
24-Nov-2025,EQ,"1,550.00","1,550.00","1,531.80","1,546.60","1,534.90","1,535.90","1,537.26","1,557.80","1,114.85",18433951,"28,33,78,41,303.40",198313
21-Nov-2025,EQ,"1,541.00","1,557.80","1,540.10","1,549.10","1,543.70","1,546.60","1,549.35","1,557.80","1,114.85",9615271,"14,89,73,85,970.30",240250
20-Nov-2025,EQ,"1,530.00","1,550.90","1,526.70","1,518.90","1,549.50","1,549.10","1,543.57","1,551.00","1,114.85",18171724,"28,04,93,06,041.50",246552
19-Nov-2025,EQ,"1,517.40","1,522.30","1,512.00","1,519.40","1,519.00","1,518.90","1,518.64","1,551.00","1,114.85",5692366,"8,64,46,40,452.70",131481
18-Nov-2025,EQ,"1,521.70","1,527.80","1,510.50","1,518.30","1,520.00","1,519.40","1,520.18","1,551.00","1,114.85",11045042,"16,79,05,05,249.50",165850
17-Nov-2025,EQ,"1,520.90","1,523.70","1,511.50","1,518.90","1,518.00","1,518.30","1,516.89","1,551.00","1,114.85",5871416,"8,90,62,94,222.30",123473
14-Nov-2025,EQ,"1,505.50","1,520.90","1,505.50","1,510.90","1,518.20","1,518.90","1,516.51","1,551.00","1,114.85",7682823,"11,65,10,84,505.30",194941
13-Nov-2025,EQ,"1,515.00","1,522.10","1,506.80","1,511.50","1,512.10","1,510.90","1,514.35","1,551.00","1,114.85",7196443,"10,89,79,56,389.70",209774
12-Nov-2025,EQ,"1,505.00","1,524.70","1,500.00","1,493.40","1,511.80","1,511.50","1,515.00","1,551.00","1,114.85",12384459,"18,76,25,17,172.20",252417
11-Nov-2025,EQ,"1,497.00","1,498.80","1,480.20","1,489.30","1,493.80","1,493.40","1,489.58","1,551.00","1,114.85",7127506,"10,61,69,76,771.80",149607
10-Nov-2025,EQ,"1,477.90","1,501.00","1,475.50","1,478.00","1,490.10","1,489.30","1,492.69","1,551.00","1,114.85",7068438,"10,55,09,78,254.30",154602
07-Nov-2025,EQ,"1,494.60","1,498.40","1,475.90","1,496.10","1,480.00","1,478.00","1,486.71","1,551.00","1,114.85",7821765,"11,62,87,33,264.10",139608
06-Nov-2025,EQ,"1,484.00","1,501.60","1,476.20","1,473.10","1,494.80","1,496.10","1,494.08","1,551.00","1,114.85",16772678,"25,05,96,56,533.30",269902
04-Nov-2025,EQ,"1,483.90","1,492.80","1,470.10","1,484.70","1,471.10","1,473.10","1,480.96","1,551.00","1,114.85",10007806,"14,82,11,44,472.70",218103
03-Nov-2025,EQ,"1,486.00","1,495.00","1,479.30","1,486.40","1,487.30","1,484.70","1,488.29","1,551.00","1,114.85",8452085,"12,57,91,61,982.90",245664
31-Oct-2025,EQ,"1,490.40","1,497.50","1,482.30","1,488.50","1,487.00","1,486.40","1,487.80","1,551.00","1,114.85",8758053,"13,03,02,57,785.30",206898
30-Oct-2025,EQ,"1,500.00","1,503.10","1,484.00","1,504.20","1,489.50","1,488.50","1,492.27","1,551.00","1,114.85",9318663,"13,90,59,20,959.90",276397
29-Oct-2025,EQ,"1,490.00","1,508.30","1,488.10","1,486.90","1,504.00","1,504.20","1,502.67","1,551.00","1,114.85",11884745,"17,85,88,00,582.60",219504
28-Oct-2025,EQ,"1,484.10","1,492.00","1,477.60","1,484.10","1,489.70","1,486.90","1,484.96","1,551.00","1,114.85",17631577,"26,18,22,48,923.90",314894
27-Oct-2025,EQ,"1,463.00","1,485.00","1,458.00","1,451.60","1,483.20","1,484.10","1,480.24","1,551.00","1,114.85",14113867,"20,89,18,82,342.50",274839
24-Oct-2025,EQ,"1,450.00","1,459.80","1,441.00","1,448.40","1,451.10","1,451.60","1,450.25","2,752.00","1,114.85",9700837,"14,06,86,22,023.20",221258
23-Oct-2025,EQ,"1,475.00","1,482.90","1,444.60","1,465.20","1,448.00","1,448.40","1,464.71","2,752.00","1,114.85",18707090,"27,40,03,74,842.50",376220
21-Oct-2025,EQ,"1,468.00","1,474.00","1,460.00","1,466.80","1,461.00","1,465.20","1,467.87","2,752.00","1,114.85",2066169,"3,03,28,61,642.80",86819
20-Oct-2025,EQ,"1,440.00","1,473.80","1,433.30","1,416.80","1,467.90","1,466.80","1,461.76","2,752.00","1,114.85",24721978,"36,13,76,73,257.50",512798
17-Oct-2025,EQ,"1,401.00","1,423.30","1,399.10","1,398.30","1,419.10","1,416.80","1,413.78","2,760.15","1,114.85",19335561,"27,33,62,05,033.00",350761
16-Oct-2025,EQ,"1,375.10","1,400.50","1,375.00","1,374.30","1,398.50","1,398.30","1,387.20","2,760.15","1,114.85",12315932,"17,08,46,36,046.80",287913
15-Oct-2025,EQ,"1,383.00","1,384.00","1,372.70","1,375.90","1,374.70","1,374.30","1,377.15","2,760.15","1,114.85",10882743,"14,98,71,55,897.30",239811
14-Oct-2025,EQ,"1,380.00","1,388.00","1,370.10","1,375.00","1,374.90","1,375.90","1,377.47","2,760.15","1,114.85",9768174,"13,45,53,95,764.80",164937
13-Oct-2025,EQ,"1,376.90","1,377.70","1,367.80","1,381.70","1,376.00","1,375.00","1,372.70","2,760.15","1,114.85",7600682,"10,43,34,92,493.50",175585
10-Oct-2025,EQ,"1,377.80","1,388.00","1,375.10","1,377.80","1,380.90","1,381.70","1,383.21","2,802.00","1,114.85",6373084,"8,81,53,17,323.10",193985
09-Oct-2025,EQ,"1,374.00","1,380.00","1,369.10","1,367.40","1,376.50","1,377.80","1,376.25","2,802.00","1,114.85",8826633,"12,14,76,69,213.50",217890
08-Oct-2025,EQ,"1,384.80","1,389.00","1,364.50","1,384.80","1,367.30","1,367.40","1,371.62","2,802.00","1,114.85",8525081,"11,69,32,12,975.10",214245
07-Oct-2025,EQ,"1,376.00","1,395.90","1,375.90","1,375.00","1,384.50","1,384.80","1,386.79","2,802.00","1,114.85",11244040,"15,59,31,76,402.20",196055
06-Oct-2025,EQ,"1,360.00","1,377.40","1,359.00","1,363.40","1,374.90","1,375.00","1,367.85","2,802.00","1,114.85",12396580,"16,95,66,55,218.30",184550
03-Oct-2025,EQ,"1,363.20","1,371.60","1,356.90","1,368.70","1,363.30","1,363.40","1,362.13","3,049.95","1,114.85",12842347,"17,49,29,14,973.80",216161
01-Oct-2025,EQ,"1,367.00","1,378.60","1,362.70","1,364.00","1,370.00","1,368.70","1,369.56","3,049.95","1,114.85",12045916,"16,49,76,35,567.10",258017
30-Sep-2025,EQ,"1,377.10","1,377.10","1,362.80","1,372.80","1,364.00","1,364.00","1,366.52","3,049.95","1,114.85",14604684,"19,95,75,82,304.90",223375
29-Sep-2025,EQ,"1,381.60","1,389.00","1,368.00","1,377.60","1,376.00","1,372.80","1,375.78","3,049.95","1,114.85",14231999,"19,58,01,10,793.70",213268
26-Sep-2025,EQ,"1,372.00","1,382.70","1,366.00","1,372.40","1,379.00","1,377.60","1,376.37","3,066.95","1,114.85",9879109,"13,59,73,42,647.00",148644
25-Sep-2025,EQ,"1,381.30","1,384.50","1,369.00","1,383.00","1,374.80","1,372.40","1,375.53","3,066.95","1,114.85",11411143,"15,69,63,73,894.00",155102
24-Sep-2025,EQ,"1,385.30","1,396.00","1,380.40","1,389.80","1,381.10","1,383.00","1,387.32","3,066.95","1,114.85",5922759,"8,21,67,78,017.50",120399
23-Sep-2025,EQ,"1,391.00","1,395.00","1,376.80","1,390.60","1,390.50","1,389.80","1,387.57","3,066.95","1,114.85",14014702,"19,44,63,55,038.70",210931
22-Sep-2025,EQ,"1,403.90","1,410.70","1,388.00","1,407.40","1,390.90","1,390.60","1,400.91","3,066.95","1,114.85",7757970,"10,86,82,28,760.60",136991
19-Sep-2025,EQ,"1,414.90","1,417.00","1,403.60","1,415.00","1,407.60","1,407.40","1,408.43","3,066.95","1,114.85",13461373,"18,95,93,42,246.10",143644
18-Sep-2025,EQ,"1,420.40","1,422.00","1,410.70","1,413.80","1,415.00","1,415.00","1,415.31","3,066.95","1,114.85",9332642,"13,20,85,89,778.10",182559
17-Sep-2025,EQ,"1,407.00","1,416.20","1,406.90","1,405.30","1,413.00","1,413.80","1,412.05","3,066.95","1,114.85",7519417,"10,61,78,06,261.00",189638
16-Sep-2025,EQ,"1,404.70","1,408.00","1,398.20","1,399.30","1,405.90","1,405.30","1,404.00","3,066.95","1,114.85",8686961,"12,19,64,51,860.10",170452
15-Sep-2025,EQ,"1,393.00","1,400.80","1,388.60","1,395.00","1,399.30","1,399.30","1,395.97","3,066.95","1,114.85",5396697,"7,53,36,35,758.20",130728
12-Sep-2025,EQ,"1,383.30","1,396.30","1,380.50","1,383.30","1,395.00","1,395.00","1,392.69","3,066.95","1,114.85",7403368,"10,31,06,08,459.50",156369
11-Sep-2025,EQ,"1,376.00","1,385.50","1,375.00","1,377.00","1,382.10","1,383.30","1,382.49","3,066.95","1,114.85",9766072,"13,50,14,79,258.50",173431
10-Sep-2025,EQ,"1,383.90","1,388.50","1,374.10","1,376.20","1,377.50","1,377.00","1,380.12","3,066.95","1,114.85",7790815,"10,75,22,66,849.20",222655
09-Sep-2025,EQ,"1,376.60","1,381.20","1,368.70","1,378.50","1,376.10","1,376.20","1,375.44","3,066.95","1,114.85",9754452,"13,41,66,75,656.70",209637
08-Sep-2025,EQ,"1,380.00","1,386.00","1,372.40","1,375.00","1,378.90","1,378.50","1,379.43","3,066.95","1,114.85",6986720,"9,63,76,80,456.60",131052
05-Sep-2025,EQ,"1,363.00","1,381.00","1,359.30","1,359.30","1,375.70","1,375.00","1,370.36","3,066.95","1,114.85",5777575,"7,91,73,73,815.60",142951
04-Sep-2025,EQ,"1,371.80","1,374.00","1,357.10","1,372.60","1,359.10","1,359.30","1,363.97","3,066.95","1,114.85",13223177,"18,03,59,88,833.70",200473
03-Sep-2025,EQ,"1,369.70","1,376.50","1,360.50","1,366.50","1,372.00","1,372.60","1,368.85","3,066.95","1,114.85",7847563,"10,74,21,61,678.40",209277
02-Sep-2025,EQ,"1,354.80","1,384.50","1,354.50","1,353.90","1,367.50","1,366.50","1,374.28","3,066.95","1,114.85",11517006,"15,82,76,20,364.30",235433
01-Sep-2025,EQ,"1,356.00","1,363.20","1,340.60","1,357.20","1,355.00","1,353.90","1,353.99","3,066.95","1,114.85",11232238,"15,20,83,77,268.50",249574
29-Aug-2025,EQ,"1,381.10","1,403.50","1,350.00","1,385.90","1,356.00","1,357.20","1,375.14","3,079.45","1,114.85",18758842,"25,79,60,85,387.60",348532
28-Aug-2025,EQ,"1,389.90","1,392.20","1,366.50","1,384.90","1,390.90","1,385.90","1,380.78","3,079.45","1,114.85",13161813,"18,17,35,99,832.00",252423
26-Aug-2025,EQ,"1,408.00","1,410.00","1,381.60","1,412.60","1,383.80","1,384.90","1,390.78","3,079.45","1,114.85",12145259,"16,89,13,59,345.30",201578
25-Aug-2025,EQ,"1,414.70","1,419.50","1,405.70","1,409.20","1,413.70","1,412.60","1,412.48","3,079.45","1,114.85",5979407,"8,44,57,89,682.30",184067
22-Aug-2025,EQ,"1,420.00","1,423.40","1,407.90","1,424.80","1,409.90","1,409.20","1,414.00","3,079.45","1,114.85",5818868,"8,22,78,76,997.30",137165
21-Aug-2025,EQ,"1,425.00","1,431.90","1,420.30","1,413.00","1,424.30","1,424.80","1,427.55","3,079.45","1,114.85",11021323,"15,73,34,74,504.40",231863
20-Aug-2025,EQ,"1,413.00","1,424.90","1,410.00","1,420.10","1,412.00","1,413.00","1,418.58","3,079.45","1,114.85",8725641,"12,37,79,83,949.70",196554
19-Aug-2025,EQ,"1,390.00","1,421.00","1,389.10","1,381.70","1,421.00","1,420.10","1,413.60","3,079.45","1,114.85",14384719,"20,33,42,96,972.40",288664
18-Aug-2025,EQ,"1,390.00","1,394.90","1,377.00","1,373.80","1,382.90","1,381.70","1,384.21","3,079.45","1,114.85",11785109,"16,31,30,18,769.80",319844
14-Aug-2025,EQ,"1,377.30","1,380.70","1,370.10","1,382.60","1,372.90","1,373.80","1,375.17","3,079.45","1,114.85",7126128,"9,79,96,29,519.90",175588
13-Aug-2025,EQ,"1,388.00","1,391.80","1,377.50","1,380.40","1,384.00","1,382.60","1,384.19","3,079.45","1,114.85",7457021,"10,32,19,69,058.70",208576
12-Aug-2025,EQ,"1,381.90","1,401.90","1,375.20","1,386.20","1,381.00","1,380.40","1,386.76","3,079.45","1,114.85",12244664,"16,98,03,68,560.10",179433
11-Aug-2025,EQ,"1,370.00","1,388.00","1,361.20","1,367.80","1,384.60","1,386.20","1,375.78","3,079.45","1,114.85",9997486,"13,75,43,51,256.50",226304
08-Aug-2025,EQ,"1,385.00","1,397.20","1,365.00","1,389.40","1,366.20","1,367.80","1,374.93","3,079.45","1,114.85",8793606,"12,09,05,91,567.60",208137
07-Aug-2025,EQ,"1,387.70","1,393.70","1,366.00","1,392.80","1,391.00","1,389.40","1,381.52","3,079.45","1,114.85",9976705,"13,78,30,47,743.50",293767
06-Aug-2025,EQ,"1,391.90","1,395.90","1,383.30","1,391.70","1,393.00","1,392.80","1,390.57","3,079.45","1,114.85",5834312,"8,11,30,06,686.00",156725
05-Aug-2025,EQ,"1,411.00","1,411.00","1,388.10","1,411.50","1,390.00","1,391.70","1,394.50","3,079.45","1,114.85",9315972,"12,99,11,63,046.80",238858
04-Aug-2025,EQ,"1,395.10","1,416.10","1,391.70","1,393.70","1,410.20","1,411.50","1,410.61","3,079.45","1,114.85",6312820,"8,90,49,07,900.60",188246
01-Aug-2025,EQ,"1,386.90","1,405.90","1,384.30","1,390.20","1,394.10","1,393.70","1,397.47","3,079.45","1,114.85",10321171,"14,42,34,88,951.80",208431
31-Jul-2025,EQ,"1,388.10","1,402.60","1,382.20","1,410.10","1,390.00","1,390.20","1,392.63","3,079.45","1,114.85",17065827,"23,76,63,74,015.30",373516
30-Jul-2025,EQ,"1,418.10","1,423.30","1,401.30","1,417.10","1,409.70","1,410.10","1,411.50","3,079.45","1,114.85",7209849,"10,17,67,19,970.80",167311
29-Jul-2025,EQ,"1,383.00","1,420.20","1,383.00","1,387.60","1,416.60","1,417.10","1,402.99","3,079.45","1,114.85",10750072,"15,08,22,11,933.30",187813
28-Jul-2025,EQ,"1,392.30","1,407.80","1,385.00","1,391.70","1,387.10","1,387.60","1,394.17","3,079.45","1,114.85",7748361,"10,80,25,52,328.10",198421
25-Jul-2025,EQ,"1,398.90","1,401.00","1,384.10","1,402.90","1,392.40","1,391.70","1,394.22","3,079.45","1,114.85",11854722,"16,52,80,44,233.50",237018
24-Jul-2025,EQ,"1,419.20","1,423.00","1,396.00","1,424.60","1,402.80","1,402.90","1,407.06","3,079.45","1,114.85",14740507,"20,74,07,88,758.30",314670
23-Jul-2025,EQ,"1,426.00","1,426.00","1,414.40","1,412.80","1,425.00","1,424.60","1,421.41","3,079.45","1,114.85",8354596,"11,87,53,15,134.70",225103
22-Jul-2025,EQ,"1,427.40","1,431.90","1,410.70","1,428.60","1,413.80","1,412.80","1,417.05","3,079.45","1,114.85",20396320,"28,90,27,00,383.40",504145
21-Jul-2025,EQ,"1,465.00","1,476.00","1,423.10","1,476.00","1,428.20","1,428.60","1,435.24","3,079.45","1,114.85",22442744,"32,21,07,51,693.50",630358
18-Jul-2025,EQ,"1,484.80","1,484.80","1,469.10","1,476.40","1,476.00","1,476.00","1,475.20","3,211.70","1,114.85",10296318,"15,18,91,04,342.00",222241
17-Jul-2025,EQ,"1,487.40","1,489.60","1,473.90","1,485.60","1,478.70","1,476.40","1,479.78","3,211.70","1,114.85",11854613,"17,54,22,05,685.80",189733
16-Jul-2025,EQ,"1,473.00","1,491.00","1,471.50","1,485.40","1,486.20","1,485.60","1,481.43","3,211.70","1,114.85",10409983,"15,42,16,36,574.60",191598
15-Jul-2025,EQ,"1,486.20","1,496.50","1,482.40","1,483.70","1,488.50","1,485.40","1,487.92","3,211.70","1,114.85",8132454,"12,10,04,48,372.90",173756
14-Jul-2025,EQ,"1,492.20","1,500.00","1,479.10","1,495.20","1,486.40","1,483.70","1,487.76","3,211.70","1,114.85",10311846,"15,34,15,29,534.70",186122
11-Jul-2025,EQ,"1,512.00","1,515.00","1,490.30","1,517.20","1,495.00","1,495.20","1,496.06","3,217.60","1,114.85",7234991,"10,82,39,82,872.20",178490
10-Jul-2025,EQ,"1,519.70","1,524.70","1,507.50","1,519.00","1,515.20","1,517.20","1,516.20","3,217.60","1,114.85",10047129,"15,23,34,58,376.40",289035
09-Jul-2025,EQ,"1,536.70","1,551.00","1,510.10","1,537.60","1,520.50","1,519.00","1,532.97","3,217.60","1,114.85",8870660,"13,59,84,41,338.60",254524
08-Jul-2025,EQ,"1,536.00","1,544.90","1,530.20","1,541.50","1,538.00","1,537.60","1,536.23","3,217.60","1,114.85",7171261,"11,01,66,84,351.60",191265
07-Jul-2025,EQ,"1,526.60","1,544.80","1,525.00","1,527.30","1,540.50","1,541.50","1,539.06","3,217.60","1,114.85",7251074,"11,15,98,58,745.50",205134
04-Jul-2025,EQ,"1,524.00","1,530.00","1,517.20","1,517.80","1,528.10","1,527.30","1,523.57","3,217.60","1,114.85",6603501,"10,06,09,08,691.00",167255
03-Jul-2025,EQ,"1,520.80","1,531.90","1,513.00","1,518.80","1,515.00","1,517.80","1,520.57","3,217.60","1,114.85",11283291,"17,15,69,79,936.80",258008
02-Jul-2025,EQ,"1,528.40","1,530.00","1,508.70","1,528.40","1,517.10","1,518.80","1,518.29","3,217.60","1,114.85",6361002,"9,65,78,44,399.40",183873
01-Jul-2025,EQ,"1,500.60","1,531.40","1,500.10","1,500.60","1,526.80","1,528.40","1,522.95","3,217.60","1,114.85",10368523,"15,79,07,50,945.40",232573
30-Jun-2025,EQ,"1,513.80","1,524.80","1,496.00","1,515.40","1,499.90","1,500.60","1,509.28","3,217.60","1,114.85",8409527,"12,69,23,29,820.10",242195
27-Jun-2025,EQ,"1,499.40","1,522.00","1,496.90","1,495.30","1,514.00","1,515.40","1,511.99","3,217.60","1,114.85",11117052,"16,80,89,08,375.40",269877
26-Jun-2025,EQ,"1,469.10","1,498.80","1,465.10","1,467.30","1,495.30","1,495.30","1,488.16","3,217.60","1,114.85",14657893,"21,81,33,25,246.10",247215
25-Jun-2025,EQ,"1,464.00","1,472.40","1,460.50","1,450.80","1,467.60","1,467.30","1,467.46","3,217.60","1,114.85",7525851,"11,04,38,61,535.40",197720
24-Jun-2025,EQ,"1,465.00","1,475.00","1,443.10","1,456.80","1,456.80","1,450.80","1,456.68","3,217.60","1,114.85",16402744,"23,89,35,22,923.20",284313
23-Jun-2025,EQ,"1,453.00","1,463.80","1,442.00","1,466.20","1,456.00","1,456.80","1,453.48","3,217.60","1,114.85",5989078,"8,70,50,05,211.50",226309
20-Jun-2025,EQ,"1,431.00","1,471.00","1,428.10","1,433.30","1,464.10","1,466.20","1,462.68","3,217.60","1,114.85",29010635,"42,43,33,00,495.60",276278
19-Jun-2025,EQ,"1,430.10","1,439.90","1,425.70","1,430.10","1,428.00","1,433.30","1,433.80","3,217.60","1,114.85",10007230,"14,34,83,70,217.60",179473
18-Jun-2025,EQ,"1,430.00","1,442.80","1,425.70","1,431.20","1,429.70","1,430.10","1,431.31","3,217.60","1,114.85",6681735,"9,56,36,29,434.00",138211
17-Jun-2025,EQ,"1,448.00","1,448.00","1,425.80","1,437.80","1,430.00","1,431.20","1,432.15","3,217.60","1,114.85",10366599,"14,84,65,17,402.40",191173
16-Jun-2025,EQ,"1,426.90","1,442.40","1,424.40","1,427.90","1,436.90","1,437.80","1,436.42","3,217.60","1,114.85",8458093,"12,14,94,12,490.70",213623
13-Jun-2025,EQ,"1,424.00","1,435.50","1,414.30","1,441.60","1,427.50","1,427.90","1,423.95","3,217.60","1,114.85",9757276,"13,89,39,05,321.30",202256
12-Jun-2025,EQ,"1,453.50","1,457.00","1,434.40","1,448.90","1,439.50","1,441.60","1,444.32","3,217.60","1,114.85",8828114,"12,75,06,12,321.30",190194
11-Jun-2025,EQ,"1,445.80","1,468.60","1,443.10","1,438.50","1,448.00","1,448.90","1,456.11","3,217.60","1,114.85",8195700,"11,93,38,50,942.70",184593
10-Jun-2025,EQ,"1,450.00","1,453.90","1,436.00","1,448.80","1,437.30","1,438.50","1,442.59","3,217.60","1,114.85",7913181,"11,41,54,76,580.50",167203
09-Jun-2025,EQ,"1,457.00","1,457.50","1,445.30","1,443.50","1,447.20","1,448.80","1,449.95","3,217.60","1,114.85",7885125,"11,43,30,33,631.80",159916
06-Jun-2025,EQ,"1,441.00","1,451.50","1,437.00","1,442.40","1,443.00","1,443.50","1,444.22","3,217.60","1,114.85",8182161,"11,81,68,75,426.10",179734
05-Jun-2025,EQ,"1,428.00","1,454.70","1,423.60","1,423.50","1,442.70","1,442.40","1,442.72","3,217.60","1,114.85",13716817,"19,78,94,68,217.00",304069
04-Jun-2025,EQ,"1,414.70","1,425.70","1,406.10","1,405.50","1,421.00","1,423.50","1,415.78","3,217.60","1,114.85",8126827,"11,50,58,06,730.50",152064
03-Jun-2025,EQ,"1,422.30","1,426.50","1,403.40","1,413.70","1,405.40","1,405.50","1,412.34","3,217.60","1,114.85",11252626,"15,89,25,72,174.10",230110
02-Jun-2025,EQ,"1,412.10","1,417.50","1,395.60","1,420.90","1,412.60","1,413.70","1,407.75","3,217.60","1,114.85",8098668,"11,40,08,64,785.00",189977
30-May-2025,EQ,"1,418.00","1,430.60","1,409.70","1,417.80","1,417.90","1,420.90","1,419.89","3,217.60","1,114.85",13788484,"19,57,81,54,095.00",155127
29-May-2025,EQ,"1,412.10","1,420.00","1,408.60","1,412.90","1,419.50","1,417.80","1,414.72","3,217.60","1,114.85",13771917,"19,48,34,24,681.60",265116
28-May-2025,EQ,"1,420.10","1,422.60","1,410.70","1,422.10","1,412.80","1,412.90","1,414.99","3,217.60","1,114.85",5944611,"8,41,15,75,745.50",169185
27-May-2025,EQ,"1,426.10","1,437.00","1,413.90","1,434.80","1,424.20","1,422.10","1,421.81","3,217.60","1,114.85",12640414,"17,97,22,11,281.70",211047
26-May-2025,EQ,"1,432.00","1,441.00","1,425.10","1,426.80","1,435.90","1,434.80","1,437.16","3,217.60","1,114.85",4842944,"6,96,01,05,851.40",171837
23-May-2025,EQ,"1,406.60","1,433.80","1,406.60","1,409.40","1,426.00","1,426.80","1,424.63","3,217.60","1,114.85",6474883,"9,22,43,12,172.60",135371
22-May-2025,EQ,"1,421.20","1,423.80","1,396.90","1,429.20","1,411.50","1,409.40","1,406.85","3,217.60","1,114.85",12134466,"17,07,14,02,011.90",228031
21-May-2025,EQ,"1,423.90","1,436.20","1,418.10","1,424.60","1,428.20","1,429.20","1,427.75","3,217.60","1,114.85",6136364,"8,76,12,09,045.90",232529
20-May-2025,EQ,"1,438.20","1,445.00","1,421.80","1,440.80","1,424.50","1,424.60","1,429.91","3,217.60","1,114.85",11270560,"16,11,59,06,328.30",182531
19-May-2025,EQ,"1,452.10","1,454.60","1,438.20","1,456.40","1,442.90","1,440.80","1,443.67","3,217.60","1,114.85",6195791,"8,94,47,05,922.30",144606
16-May-2025,EQ,"1,453.20","1,461.00","1,447.30","1,454.20","1,454.80","1,456.40","1,455.16","3,217.60","1,114.85",9036695,"13,14,97,97,875.40",196322
15-May-2025,EQ,"1,425.00","1,461.40","1,412.70","1,424.40","1,453.00","1,454.20","1,441.41","3,217.60","1,114.85",20177211,"29,08,36,83,834.80",314261
14-May-2025,EQ,"1,420.00","1,429.90","1,415.50","1,415.70","1,425.20","1,424.40","1,423.31","3,217.60","1,114.85",5570160,"7,92,80,45,614.70",145014
13-May-2025,EQ,"1,433.50","1,447.70","1,412.40","1,436.50","1,416.50","1,415.70","1,423.23","3,217.60","1,114.85",11407896,"16,23,61,02,678.90",281992
12-May-2025,EQ,"1,400.00","1,439.00","1,400.00","1,377.20","1,436.90","1,436.50","1,426.35","3,217.60","1,114.85",10674081,"15,22,49,70,250.50",310602
09-May-2025,EQ,"1,385.50","1,394.80","1,374.50","1,407.00","1,379.50","1,377.20","1,382.39","3,217.60","1,114.85",13668904,"18,89,57,51,340.10",388013
08-May-2025,EQ,"1,404.10","1,420.80","1,398.00","1,406.00","1,398.00","1,407.00","1,410.51","3,217.60","1,114.85",16106175,"22,71,78,78,064.30",231342
07-May-2025,EQ,"1,420.90","1,424.40","1,402.70","1,420.90","1,405.90","1,406.00","1,412.79","3,217.60","1,114.85",13440169,"18,98,81,26,278.30",222903
06-May-2025,EQ,"1,431.00","1,432.00","1,410.60","1,431.30","1,418.00","1,420.90","1,419.01","3,217.60","1,114.85",14084117,"19,98,55,59,677.40",226761
05-May-2025,EQ,"1,431.00","1,439.50","1,426.90","1,422.40","1,430.00","1,431.30","1,432.00","3,217.60","1,114.85",12685649,"18,16,58,43,553.00",204503
02-May-2025,EQ,"1,414.00","1,426.70","1,409.10","1,405.00","1,422.50","1,422.40","1,419.65","3,217.60","1,114.85",17535402,"24,89,41,40,200.00",378385
30-Apr-2025,EQ,"1,402.00","1,412.40","1,369.00","1,399.70","1,395.00","1,405.00","1,404.87","3,217.60","1,114.85",25480745,"35,79,72,20,282.00",598769
29-Apr-2025,EQ,"1,371.00","1,410.90","1,370.00","1,368.80","1,398.90","1,399.70","1,395.77","3,217.60","1,114.85",32538970,"45,41,70,61,104.50",680195
28-Apr-2025,EQ,"1,340.00","1,374.60","1,320.20","1,300.40","1,366.30","1,368.80","1,355.02","3,217.60","1,114.85",31104496,"42,14,71,23,069.00",893347
25-Apr-2025,EQ,"1,303.50","1,325.20","1,288.10","1,301.60","1,301.00","1,300.40","1,303.30","3,217.60","1,114.85",14431012,"18,80,79,07,514.70",307093
24-Apr-2025,EQ,"1,292.40","1,304.50","1,290.30","1,300.00","1,303.50","1,301.60","1,298.32","3,217.60","1,114.85",10468940,"13,59,20,84,385.00",181309
23-Apr-2025,EQ,"1,297.00","1,306.00","1,285.40","1,291.20","1,297.00","1,300.00","1,297.08","3,217.60","1,114.85",10480888,"13,59,45,97,555.00",232149
22-Apr-2025,EQ,"1,300.00","1,303.90","1,286.30","1,295.50","1,289.00","1,291.20","1,295.99","3,217.60","1,114.85",13051707,"16,91,49,00,850.30",229331
21-Apr-2025,EQ,"1,270.00","1,300.90","1,267.00","1,274.50","1,295.20","1,295.50","1,291.47","3,217.60","1,114.85",10429964,"13,46,99,49,890.00",257857
17-Apr-2025,EQ,"1,240.20","1,280.20","1,227.60","1,239.30","1,273.00","1,274.50","1,260.38","3,217.60","1,114.85",15398401,"19,40,78,71,411.00",321235
16-Apr-2025,EQ,"1,234.10","1,240.90","1,229.00","1,240.10","1,238.00","1,239.30","1,235.61","3,217.60","1,114.85",8248464,"10,19,18,64,641.70",164065
15-Apr-2025,EQ,"1,251.00","1,251.00","1,237.10","1,218.95","1,239.60","1,240.10","1,242.83","3,217.60","1,114.85",13378535,"16,62,71,77,949.10",199888
11-Apr-2025,EQ,"1,195.15","1,222.65","1,195.15","1,185.35","1,220.00","1,218.95","1,214.05","3,217.60","1,114.85",11224242,"13,62,68,31,085.65",187059
09-Apr-2025,EQ,"1,169.50","1,189.80","1,168.00","1,182.20","1,187.50","1,185.35","1,183.08","3,217.60","1,114.85",10223104,"12,09,47,49,463.20",193325
08-Apr-2025,EQ,"1,172.00","1,196.60","1,163.30","1,165.70","1,181.05","1,182.20","1,179.50","3,217.60","1,114.85",19555040,"23,06,52,09,423.00",314171
07-Apr-2025,EQ,"1,132.20","1,171.25","1,114.85","1,204.70","1,171.25","1,165.70","1,150.54","3,217.60","1,114.85",22156106,"25,49,15,01,838.90",677564
04-Apr-2025,EQ,"1,241.10","1,245.45","1,193.15","1,248.70","1,205.90","1,204.70","1,206.62","3,217.60","1,156.00",17908652,"21,60,89,77,995.10",542347
03-Apr-2025,EQ,"1,233.05","1,251.80","1,233.05","1,251.15","1,248.50","1,248.70","1,246.31","3,217.60","1,156.00",7434366,"9,26,55,30,670.85",146316
02-Apr-2025,EQ,"1,247.55","1,255.55","1,243.90","1,252.60","1,252.00","1,251.15","1,251.04","3,217.60","1,156.00",10142590,"12,68,88,02,512.15",177979
01-Apr-2025,EQ,"1,264.60","1,277.90","1,249.30","1,275.10","1,254.00","1,252.60","1,260.72","3,217.60","1,156.00",12099648,"15,25,42,61,046.80",260862
28-Mar-2025,EQ,"1,280.00","1,295.75","1,269.00","1,278.20","1,274.00","1,275.10","1,278.15","3,217.60","1,156.00",18147129,"23,19,47,74,030.90",265113
27-Mar-2025,EQ,"1,278.15","1,285.00","1,271.30","1,273.05","1,280.00","1,278.20","1,278.90","3,217.60","1,156.00",15028056,"19,21,93,99,902.90",224828
26-Mar-2025,EQ,"1,291.00","1,293.80","1,268.75","1,285.45","1,270.90","1,273.05","1,279.04","3,217.60","1,156.00",12074747,"15,44,40,62,345.35",292138
25-Mar-2025,EQ,"1,307.70","1,307.70","1,282.60","1,302.10","1,285.25","1,285.45","1,290.63","3,217.60","1,156.00",13713899,"17,69,95,68,389.85",271251
24-Mar-2025,EQ,"1,291.00","1,306.00","1,284.25","1,276.35","1,302.65","1,302.10","1,297.38","3,217.60","1,156.00",20299319,"26,33,59,01,171.15",347056
21-Mar-2025,EQ,"1,275.00","1,281.00","1,270.10","1,269.15","1,277.50","1,276.35","1,276.34","3,217.60","1,156.00",21780769,"27,79,96,53,516.40",230001
20-Mar-2025,EQ,"1,251.85","1,273.00","1,250.05","1,247.15","1,268.20","1,269.15","1,262.54","3,217.60","1,156.00",15971477,"20,16,45,61,988.35",219527
19-Mar-2025,EQ,"1,241.05","1,253.25","1,238.80","1,238.80","1,248.00","1,247.15","1,247.22","3,217.60","1,156.00",16162399,"20,15,80,06,340.60",217782
18-Mar-2025,EQ,"1,244.70","1,248.35","1,235.00","1,238.85","1,239.95","1,238.80","1,238.98","3,217.60","1,156.00",15745877,"19,50,88,93,454.65",312315
17-Mar-2025,EQ,"1,242.15","1,257.40","1,233.10","1,247.90","1,241.55","1,238.85","1,239.76","3,217.60","1,156.00",16640952,"20,63,08,43,725.15",269824
13-Mar-2025,EQ,"1,260.05","1,264.15","1,243.85","1,257.05","1,246.65","1,247.90","1,254.23","3,217.60","1,156.00",9505270,"11,92,17,66,653.80",194588
12-Mar-2025,EQ,"1,258.00","1,263.00","1,244.00","1,247.30","1,255.95","1,257.05","1,252.97","3,217.60","1,156.00",11977555,"15,00,75,14,668.90",161536
11-Mar-2025,EQ,"1,240.00","1,249.50","1,229.75","1,238.40","1,247.25","1,247.30","1,241.71","3,217.60","1,156.00",10089838,"12,52,86,23,904.20",155065
10-Mar-2025,EQ,"1,245.00","1,258.00","1,235.40","1,249.80","1,237.70","1,238.40","1,245.85","3,217.60","1,156.00",11931051,"14,86,43,40,065.65",288299
07-Mar-2025,EQ,"1,216.00","1,254.80","1,212.00","1,209.60","1,246.40","1,249.80","1,243.95","3,217.60","1,156.00",16474965,"20,49,40,65,096.80",424924
06-Mar-2025,EQ,"1,197.00","1,213.95","1,185.15","1,175.60","1,211.50","1,209.60","1,199.05","3,217.60","1,156.00",14468014,"17,34,79,17,723.20",250467
05-Mar-2025,EQ,"1,161.00","1,183.00","1,157.00","1,161.90","1,177.15","1,175.60","1,173.40","3,217.60","1,156.00",8664095,"10,16,64,51,492.55",196774
04-Mar-2025,EQ,"1,162.20","1,174.00","1,159.55","1,171.25","1,160.45","1,161.90","1,164.92","3,217.60","1,156.00",11377373,"13,25,37,11,939.15",275459
03-Mar-2025,EQ,"1,204.00","1,206.45","1,156.00","1,200.10","1,174.00","1,171.25","1,168.57","3,217.60","1,156.00",17944938,"20,96,99,45,818.55",682013
28-Feb-2025,EQ,"1,202.00","1,217.35","1,193.30","1,207.10","1,198.00","1,200.10","1,205.62","3,217.60","1,193.30",23007298,"27,73,81,25,737.60",355378
27-Feb-2025,EQ,"1,212.80","1,215.00","1,200.65","1,204.00","1,208.00","1,207.10","1,206.31","3,217.60","1,193.35",11509215,"13,88,36,37,029.45",236188
25-Feb-2025,EQ,"1,211.00","1,221.00","1,201.50","1,214.55","1,202.00","1,204.00","1,209.60","3,217.60","1,193.35",11552182,"13,97,34,92,939.80",213192
24-Feb-2025,EQ,"1,216.55","1,223.25","1,210.50","1,228.15","1,215.00","1,214.55","1,215.90","3,217.60","1,193.35",7172498,"8,72,10,21,715.35",200264
21-Feb-2025,EQ,"1,228.70","1,240.00","1,222.15","1,233.00","1,226.90","1,228.15","1,231.37","3,217.60","1,193.35",6904025,"8,50,13,82,497.70",213824
20-Feb-2025,EQ,"1,223.95","1,239.35","1,222.00","1,227.45","1,232.00","1,233.00","1,233.94","3,217.60","1,193.35",7795582,"9,61,92,77,166.50",162561
19-Feb-2025,EQ,"1,219.50","1,232.75","1,217.55","1,225.40","1,226.30","1,227.45","1,226.67","3,217.60","1,193.35",6217338,"7,62,66,01,753.25",178165
18-Feb-2025,EQ,"1,224.85","1,229.90","1,216.10","1,224.90","1,223.95","1,225.40","1,223.94","3,217.60","1,193.35",6673250,"8,16,76,61,853.95",181273
17-Feb-2025,EQ,"1,211.10","1,227.50","1,204.50","1,217.25","1,225.45","1,224.90","1,219.62","3,217.60","1,193.35",8166683,"9,96,02,41,446.85",220670
14-Feb-2025,EQ,"1,219.00","1,224.00","1,205.45","1,216.10","1,214.75","1,217.25","1,215.10","3,217.60","1,193.35",10298145,"12,51,32,77,266.75",202314
13-Feb-2025,EQ,"1,217.05","1,228.00","1,212.00","1,216.55","1,216.20","1,216.10","1,219.60","3,217.60","1,193.35",8511216,"10,38,02,76,762.25",266249
12-Feb-2025,EQ,"1,219.45","1,226.90","1,193.35","1,234.85","1,217.05","1,216.55","1,211.39","3,217.60","1,193.35",21131654,"25,59,86,19,531.25",404276
11-Feb-2025,EQ,"1,264.55","1,264.55","1,230.10","1,253.65","1,237.55","1,234.85","1,244.26","3,217.60","1,201.50",8859714,"11,02,37,57,522.95",240683
10-Feb-2025,EQ,"1,264.50","1,266.50","1,245.55","1,266.70","1,254.65","1,253.65","1,251.52","3,217.60","1,201.50",6970972,"8,72,42,86,360.55",173316
07-Feb-2025,EQ,"1,276.15","1,283.70","1,262.00","1,281.55","1,266.50","1,266.70","1,270.98","3,217.60","1,201.50",8764283,"11,13,92,40,963.05",174531
06-Feb-2025,EQ,"1,273.70","1,288.00","1,270.35","1,278.20","1,283.00","1,281.55","1,279.27","3,217.60","1,201.50",9956001,"12,73,63,85,821.45",217888
05-Feb-2025,EQ,"1,282.65","1,290.50","1,276.70","1,285.20","1,278.50","1,278.20","1,281.97","3,217.60","1,201.50",10112028,"12,96,33,36,513.05",219550
04-Feb-2025,EQ,"1,248.05","1,288.80","1,246.60","1,245.90","1,282.90","1,285.20","1,273.65","3,217.60","1,201.50",16691069,"21,25,84,96,964.75",323415
03-Feb-2025,EQ,"1,251.00","1,256.00","1,237.55","1,264.60","1,247.00","1,245.90","1,247.14","3,217.60","1,201.50",9252345,"11,53,89,63,041.00",268425
01-Feb-2025,EQ,"1,265.10","1,270.55","1,241.00","1,265.10","1,264.00","1,264.60","1,260.42","3,217.60","1,201.50",7118453,"8,97,22,48,877.35",143258
31-Jan-2025,EQ,"1,255.85","1,267.00","1,249.00","1,253.05","1,266.00","1,265.10","1,261.32","3,217.60","1,201.50",6584612,"8,30,52,91,978.45",169481
30-Jan-2025,EQ,"1,235.55","1,257.00","1,232.40","1,235.50","1,253.15","1,253.05","1,249.15","3,217.60","1,201.50",9269259,"11,57,86,93,152.95",227871
29-Jan-2025,EQ,"1,236.00","1,242.75","1,228.05","1,234.40","1,237.25","1,235.50","1,236.66","3,217.60","1,201.50",5928156,"7,33,11,19,895.80",167073
28-Jan-2025,EQ,"1,238.00","1,244.75","1,218.50","1,229.35","1,235.00","1,234.40","1,232.65","3,217.60","1,201.50",10568025,"13,02,66,73,067.35",286863
27-Jan-2025,EQ,"1,239.10","1,240.45","1,220.00","1,246.30","1,229.00","1,229.35","1,229.35","3,217.60","1,201.50",9536019,"11,72,31,27,883.65",368025
24-Jan-2025,EQ,"1,266.00","1,273.00","1,243.50","1,263.65","1,244.45","1,246.30","1,252.27","3,217.60","1,201.50",14235970,"17,82,72,72,395.00",263461
23-Jan-2025,EQ,"1,270.00","1,277.35","1,261.60","1,277.10","1,264.90","1,263.65","1,267.52","3,217.60","1,201.50",8720682,"11,05,36,24,692.80",188421
22-Jan-2025,EQ,"1,278.30","1,282.90","1,268.70","1,273.70","1,278.00","1,277.10","1,276.09","3,217.60","1,201.50",10273590,"13,11,00,04,094.65",239816
21-Jan-2025,EQ,"1,310.50","1,313.00","1,270.20","1,305.45","1,277.60","1,273.70","1,284.79","3,217.60","1,201.50",14562976,"18,71,03,66,859.10",325783
20-Jan-2025,EQ,"1,316.00","1,316.00","1,300.25","1,302.35","1,304.00","1,305.45","1,307.82","3,217.60","1,201.50",14040244,"18,36,20,47,246.70",280553
17-Jan-2025,EQ,"1,322.25","1,326.00","1,285.00","1,266.45","1,300.00","1,302.35","1,300.80","3,217.60","1,201.50",29366277,"38,19,97,28,794.40",594018
16-Jan-2025,EQ,"1,258.90","1,275.00","1,251.30","1,252.20","1,275.00","1,266.45","1,262.86","3,217.60","1,201.50",14117603,"17,82,84,86,685.90",207451
15-Jan-2025,EQ,"1,244.95","1,257.00","1,241.85","1,238.75","1,252.00","1,252.20","1,250.11","3,217.60","1,201.50",9578856,"11,97,46,00,753.05",220174
14-Jan-2025,EQ,"1,244.10","1,253.35","1,227.25","1,239.85","1,239.00","1,238.75","1,236.46","3,217.60","1,201.50",13095266,"16,19,17,65,836.20",278977
13-Jan-2025,EQ,"1,230.00","1,245.25","1,226.40","1,241.90","1,240.75","1,239.85","1,238.10","3,217.60","1,201.50",13764861,"17,04,22,74,859.85",398257
10-Jan-2025,EQ,"1,253.85","1,256.75","1,236.00","1,254.75","1,245.55","1,241.90","1,245.97","3,217.60","1,201.50",8120332,"10,11,76,85,547.70",340024
09-Jan-2025,EQ,"1,267.00","1,269.75","1,248.05","1,265.50","1,256.80","1,254.75","1,257.46","3,217.60","1,201.50",12794704,"16,08,88,82,554.20",390501
08-Jan-2025,EQ,"1,249.00","1,271.05","1,245.35","1,240.85","1,261.35","1,265.50","1,263.24","3,217.60","1,201.50",19346579,"24,43,93,45,120.55",531488
07-Jan-2025,EQ,"1,222.00","1,244.50","1,221.25","1,218.00","1,239.95","1,240.85","1,237.63","3,217.60","1,201.50",10070505,"12,46,35,97,633.45",216620
06-Jan-2025,EQ,"1,253.95","1,262.00","1,215.00","1,251.15","1,216.25","1,218.00","1,235.67","3,217.60","1,201.50",14816766,"18,30,86,52,263.95",317843
03-Jan-2025,EQ,"1,243.90","1,262.05","1,235.50","1,241.80","1,249.85","1,251.15","1,250.34","3,217.60","1,201.50",15521102,"19,40,67,15,598.75",277290
02-Jan-2025,EQ,"1,221.25","1,244.45","1,220.00","1,221.25","1,240.55","1,241.80","1,234.32","3,217.60","1,201.50",15486276,"19,11,50,27,208.35",271108
01-Jan-2025,EQ,"1,214.85","1,226.30","1,211.60","1,215.45","1,222.75","1,221.25","1,221.01","3,217.60","1,201.50",5892590,"7,19,48,99,836.45",138528